54312;48012 48201
54378;48201 48157
54394;47962
54458;47963
54261;47964
54234;47965
54275;47966
54314;47967
54443;47964 47959
54775;47959
55869;47965 47968
56095;47966
54300;47965 47966
55478;47959 47965
55913;47965
54508;47959
55236;47959
55798;47965
54454;48110 47965 47964
56303;47965 47963
54310;47964
56009;47966 47967
55018;47965 47957
55617;47965 47966 47957
56284;47965 47957
55222;47965
54248;47968
54323;47965
54440;48112 47957
54244;47959
54517;47964
55341;47964 47959
56040;47964
55703;47964 47965
54814;47963
54944;48114
56241;47966 48114
55352;47964 48114 47967
54757;47964 48114 47967 47971
55465;47959 47972
54241;47972 47957
54266;47972 47957
55213;48110 47965 47964
54448;47965 47973 48110 47964 47966
55832;47965 47973 47959 47964 48110 47966
55389;47959 48201 48183
55789;48116 47968 48201 48183
55519;47968 48183 47959 48201 48116
55473;47968 48183 47972 48201 48116
54846;47968 48183 47959 48201 48116
56046;47968 48183 47959 48201 48116
54232;47968 48201
54941;47965 48201
54534;48201
55792;47968 48183 48201 48116 47957
55841;48117 47968 48183 48201 48116 47957
55101;47974
54834;47968 48183 47975 48201 48116
54586;47975 47957
54816;47959 47975
55594;47966 47974
56121;47975 47965
56390;47975
54267;47975 48112 48196
54620;48111 47976 47968 47957
55764;48118
54922;47964 48118 47959
54404;47964 47968 48118
54786;47968 48201 48183
54372;47964 47968 48201 48183
54633;48119
54525;48119
54526;47959
54395;47966
56311;47968 48183 48201 48116 47966
55949;48116 47968 48183 48201 48119
56073;48116 48117 47968 48183 48201 48119 47957
54882;48120
55824;48120
54356;48120 47962
55312;47959 48120
54664;47959 47965 48121 48120
55334;48120 47968 48183 48201 48116
56070;47959 48120 47967 47957
54416;47959 47975 48120
54852;48122
54469;48122 47967
54522;47959 48122
55067;48117 48122 47968 48183 48201 48116 47957
55474;48123 48118
54418;48123 48124
54447;47959 48124
54361;48125
55452;48125 47968 48183 48201 48116
54621;47959 48126 48201
55722;47959 48126 48201
56071;47964 48126 47959 48201
54307;48134
54349;48129
56262;48134 48129
54330;48129
54316;48129 47959
54453;47959
56103;48134 47966 48131
55691;48134 47966 48130 48131
55920;47964 47963 48130
55194;48130
55959;48130 48124
56025;48134 48120 47966 48131
54417;48134 48201
54871;47959
55466;48111 47968
54740;48124
55223;47968
55398;48123 47965
54891;47959 48122
54390;48132
54861;48132
55204;48117 47968 48183 48201 48116 48132 47957
55471;48134
54865;48134
55119;48134 48112
56395;48134 47966 48112
54427;48134 48112
54863;48134 48117 48112 47968 48183 48201 48116 47957
55810;48134
55589;48134 48120 48121 47959
55791;48134 47959
56312;48134 47974
54637;48134 48119
55818;48134
55801;48134 47964
55527;48134
55367;48134 47965 47973 47964 48110 47966
54853;48134 47965
54407;48134 48109 47964 47959
54640;48134 47966 48131
55981;48134 48126 47959 48201
54724;48134 48122 47959
55207;48134 48112
55461;48134 47959 47964 47966 48109
55611;48134 48120 47968 48183 48201 48116
54460;48135
55290;47959 48135
55350;48135
56379;47959 48122 48135
55434;47965 48135 47957
56198;48135 48136
55403;48114 48135 48136
55482;48134 48135 48136
54626;48135 48114
54240;47965 48135 48114
55855;48135 48196
55788;48131
55742;48117 47968 48183 48131 48201 48116 47957
55528;48134 48131
55044;48122 48131
55331;47967 48131
55636;48132 48131
55483;48131
54434;47959
54951;47959 47965 48121 48120
54988;47975 47967
55647;48134 47975 47967
54768;47967 48135 48138
54527;48138
55732;48138
56109;47975 48138 47967
55088;47965 48138 47957
56243;48138
55126;48135 48138
54291;47959 48139
55701;48134 48139 47959
55856;47959 47966 48139
54339;47959
55259;48134 47959
54431;48123
54648;48114
55140;48201
55493;47965 47957
55725;48134 47966 48131
54470;48124
55880;47965 48124
54558;47959 48122
54896;47959 47967 47957
56052;48122 47968 48183 48201 48116
54346;48140
54730;48140
54955;48140
55980;48140 48135 48136
56038;48140 48112
56256;47964 48140 47963
55940;48134 48140 47966 48131
55500;48140 47966
56115;47959 48140
56067;47959 48140 48139
55133;47964 48140 47968 48118
55283;47959 48140 48122
55487;47964 48140 48109 47959
56047;48140
54409;48140 48114
54343;48140 47968
55282;48140 47974
54256;48140
55459;48140 48118
55929;48140 47965
54810;48140 48124
56210;47959 48140 48131
54818;48140
54784;48140
56042;47965 48140
56259;48134 48140
54347;47959 48140
55059;48140 48124
55756;48140
55956;48140
54422;47959 48189
54485;48110 47965 48189 47964
54466;47964 48109 48189 47959
56012;47959 48122 48189
55567;47968 48201 48189
54778;48134 47971 48189 47967 47964 48114
54353;48140 48189
55246;48140 48189 47965
55839;48134 47965 48189
55244;47965 48135 48189
54756;47965 48189
56244;47965 47966 48189
56134;48189 47967
56185;48141
55622;48140 48141
54858;47968 48141
54801;48141 48142
54779;48142 48138
54302;47966 48142
56269;48189 48131
55888;48114
55275;48189 47967
54577;48135 48143 48114
54581;47959 48143
54297;48143 48201
55150;48134 48143 48201
54866;48183
54529;48183 47967
54599;48140 48183 48189
56138;47966 48183
54278;47959 48183
55479;47959 48183 48135 48189
54593;48145
54836;48144 48145
55294;48144 48145
55707;48140 48144 48145
54351;47968 48144 48201 48145
56089;48144 48201 48145
54967;48144 48145
56295;47965 48144 48145
55022;48112 48144 48145
56078;47959 48144 48145
54354;48144 48183 48145
56313;48140 48144 48183 48145
54313;48144 48138 48145
54315;48144 48145
54665;48134 48144 48146 48145
55337;48140 48144 48146 48145
54357;48145 48144 48183 48147
56403;48143 48201 48147
55366;48140 48147
55717;47959 48139 48147
55339;47975 48196 48147
55372;47964 48147
55902;48129 47959 48147
55861;47968 48183 48147 48201 47964
54325;47976 47968
55340;47976 47968 48114
55681;47964
56192;47964 48118
54666;47959 48143
55153;48112
54752;48141
54798;48120
55406;48132
54429;47964 47965
56242;47963
55954;48120 47966 48183
54262;48120 47976 47966
56195;48120 47976 47966
55039;47959 48201
54673;48149 48140 48201 47959
56385;48149 47968 48183 47959 48201 48116
55374;47959 48149 48201 47967
54583;47959 48149 48201
55169;48117 48149 47968 48183 47959 48201 48116 47957
54888;47968 48201 47957
54426;48201 47974
54930;48140 48201
54391;48134 48149 47959 48201 48189
55761;47974
56154;47965
54562;48148 48150
55326;48134 48148 48201 48150
54554;48148 48150
55709;48201 48114
54624;48129 47968 48189
56101;47977 48135 47974 48157
54362;47959 48157
55909;47959 48151 48157
56043;48123 48151 48135 48157 47959 47963
55538;48123 48151 48157 47959 47963
55254;47959 48122 48151 48157
54506;47959 48151 48134 48157
55669;47959 48151 48134 48157
54794;48134 47965 48151 48157 47959
56177;48134 48151 48157 47959 47975 47967
55047;48154 48135 48183 47959
54958;48154 48135 47959
55497;48154 48135 47959
54415;48153
54433;47959 48153
55562;48141 48153
55564;48141 48189 48153
54683;48055 48201 48153
54277;48123 47978 48104
54504;47968 48201 47978 48104
55267;48140 47978 48104
54276;47965 47979
54984;48134 47979
55405;48143 47980
55556;48119 47980
55261;47968 48183 48201 47980 48116
54993;48140 47980
54600;47964 48109 47959 47980
55110;47959 47975 48189 47980
54254;47959 48155
54923;47959 47975 48155 48189 47980
54663;47959 48155 47964
55848;48144 48183 48145 47959 48155
55380;47959 48142 48155
56164;47959 48122 48155
55433;47959 48155 48114
55684;47959 48132 48155
56297;47959 48121 48155 48120
55087;47959 48155 48153
54294;47959 48155
55967;47959 48155 48134
54711;47959 48135 48155 48114
54410;47959 48155
54512;48153 47959 48055 48155 48201
54510;47959 48135 48155
54685;47959 48155 48131
56105;47959 48155 48189
56137;47959 48120 47966 48155
54548;48119 47981
55082;47959 48119 48155 47981
56331;47982
55749;47959 47983 48135 47957
55602;47983 47968 48183 48201 47964 48116
56223;47964 47983 48140 47984
55285;47964 47983 48148 47984
55417;47985 48189
56072;48134 47985
54322;48120 47985
54734;48120 48135 47985
55395;47959 48120 48155 47985
55176;48124 47986
55117;48134 48131 47986
55240;48134 47959 47986
55747;47968 48189 47986
56151;48140 47987 47983
55021;47983 47987 48147
55095;48134 47983 47987
54614;48156
54386;48156
55735;48134 48156
55825;48117 47968 48183 48201 48156 48116 47957
55829;48156 47966
55716;48156 48183
54845;48156 48140
54571;48156 47981
56231;47968 48183 48201 48156 48116 47981
54326;48156 47957
54872;47959 48155 48201 48156 47957
54580;48156 48201 47957 47980
56122;48147
54695;48135
55557;47959 48121 48135 48120
56128;48135
54691;48135 47985
54900;47965
54493;47965 48117 47968 48183 48201 48116 47957
55919;47965 48135
54826;47989 47979
55800;47989 47979 48147
55265;48156 47989
56112;47959 47989 48156 48155
55893;48140 47990 48130
56096;47966 47990 48124
54848;48157
55408;47964 47983 48157 47984
55081;48141 48157 48153
54788;48138 48157
55588;47964 47968 48135 48157
55177;47959 48157
54492;48154 48135 47959 48157
55444;48154 48135 47959 48157
54401;48120 48157
55427;47974
55715;47959 47967 47957
55284;47965 47968
55105;47965 48189
56261;48134 47965 48201
55974;48112 48147
54694;48157
55847;48140 48157
54927;48124 48157
56085;47966 48157
54973;47991
55977;48134 47991
55135;48140 47992 48120
54628;48120 47992 48143
55234;48120 47992 48143 48157
54859;48022 47993 48211
54590;48022 47993 48211 48189
54606;48158
54745;48158 47993 48022 48211
55620;47965 48158 47993 48022 48211
55658;48158 47967
55803;48140 48158 47968
55056;47994 48201
54370;47957
55799;48124
56364;48134
54765;47959 48140 48159 47995
56102;47959 48159 47995 48124
54269;48160
54699;48134 48160
55048;48110 48160 47964 47965
55614;47959 48160 48126 48201
55128;48160 47991
55917;47959 48160 47991 48155
55310;48160 48138
55907;48160 47968 48138
55623;48160 48138 48147
54860;47959 48160 48201
56333;47959 48160 48124 47964 47996 48109
55276;47959 48160 47964 47996 48109
55938;48134 47959 48160 47964 47996 48109
54833;47959 48160 47980 47964 47996 48109
56352;48161
55486;47959 47962 48161
55512;48161 47975
54473;48117 48161 47968 48183 48201 48116 47957
54681;48161
54675;48161 47966
54825;48161
56203;48161 47965
54498;48161 48112
55252;48134 47965 48161
56118;48134 47965 47997 48161 47975
56351;47965 47997 48161 47959 47975 48155
56246;47965 47997 48161 48157 47975
56117;47965 47997 48161 47959 47975
55961;47965 47997 48161 47975 48189
55661;48161 47965
56010;47965 47966
55872;47959 47965 48155 48161
56342;48161 48153
54772;47998
55546;48125 47998 47980
55151;48125 48140 47998
54455;48134 47998 48125
55409;47998 48118
55453;47965 47998 48180 47973 48110 48118 47964
54737;47965 47998 48201 47999 47966
55639;47965 47998 48157 48201 47999
55216;48162
54758;47959 48162
56081;48162 48131
54500;47959 48122 48162
56162;48162
54369;48162 47994
56283;48162 47994 48189 48163
55043;47968 48183 48162 47994 48201 48116 48163
54511;48162 47994 48124 48163
56397;47959 48162 47994 48155 48163
56391;47968 48183 47959 48160 48201 48116 48000
56266;47959 48160 48135 48000
56178;47959 48160 48000 48120
54382;48160 47965
54589;47965 48164 48160
56093;47965 47968 48164 48183 47959 48160 48201 48116
54557;47965 48001 48164 47959 48160 48155 47983
55049;48160 48201 47965 48147
54969;47965 48135 48160 48201 48002
55041;48118 48157
55746;48165 48118 47968 48157
56060;48165 48118 48124 48157
54996;48118 48157 48165 48189 48132
54611;48118 48144 48157 48145 48165 47966
54250;48166
55942;48124 48166
54932;48135 48166
55700;48189 48166
56322;47966 48166
54985;47959 48155 48166
54667;48166 47980
55062;48134 48112 48166 47980
55114;47959 47976 48201 48003 47966 48126
54428;47959 47976 48155 48201 48003 48126
55400;48147 47959 47976 48201 48003 48126
56324;47965 47976 48167 47967
55064;47965 47976 48135 47967
55830;47965 47968 48167 48183 47976 48201 47967 48116
54462;47965 48140
56039;48140 48168 47965
55953;48140 47994 48168 47965
56296;48004 48124 48153
55729;47989 48004 48153
55190;48134 48140 47963
55247;47966 48142 48131
56281;47968 48183 48201 48116 47957
54839;48156 48134 47986
55550;48134 47968 48118
56365;48140 47975
54287;48135 48005
55130;48134 48005
55071;47959
56317;48169 47978 48104
55376;48161 48169
56161;48119 48169
55779;48140 48169
54744;48169
56273;48159 48169
54335;48169
54732;48170
54430;48170 48135
56190;48170 48124
54789;48170 47980
54399;47959 48170 48155
55078;47975 48170
56131;48170 48171 47966 47975
55469;48171 48170 47975 48130
55989;48134 48171 48170 47975
55754;47975 47965
54608;47965 48158 48172
55295;48160 48172 47965
55713;48134 48160 48172 47965
55904;48006 47966
56014;48006
55199;48006 47976
54263;48006
55348;48006 48124
55499;47959 48006 48151 48157
56077;47965 47966 48008 48007
54319;47965 48008 48007 48135
54976;48134 47965 48008 48007
55755;47976
54377;48173
54704;48134 48173
55694;47959 48155 48173
55355;47975 48173 47967
54405;48135 48173
56024;48134 48162 48173
54811;48119 48009 48173
54412;47968 48009 48173
54910;47959 48010
56253;48135 48010
56174;48140 48010
54478;47959 48155 48010
55582;48010
56334;48130 48010
54477;48140 48010
56392;47994 48010
54541;48010
54747;48140 47963 48010
56181;48156 48161 48010
54601;48134 47964 48010
55454;47967 48010
55421;48114 48010
54782;48130 48010
54991;48229
54748;47959 48155 48229
55644;48162 48229 48010
54918;48140 48229 48010
54535;47968 48201 48229 48010
54855;48175
54972;48175 48112
55157;48175 48160
55258;48175 47965 48010
56155;48134 48175 48010
55551;48012
54760;48140 48012
55019;47964 48109 48012 47959
54331;48012 48144 48145
54844;48012 48114
54974;48012
56358;48012 48124
55850;47959 48012
55009;48135 48012 48157 48154 47959
54873;47959 48012
55411;47965 48012 48135 48157 47959 47957
54603;47959 48013
54471;48013
54668;47989 48013 48004 48153
55987;48122 48013
54907;48140 48013
55419;48140 48013
55656;48140 48013 48130
54264;48118
54684;48176 48165 48118 48157
55143;48176 48120
54823;47959 48120 48176 48155
55762;48176 48170
54689;48176 48153
55214;47959 48176 48155 48153
56363;48176 48189
55116;47959 48176
56271;47959
55757;47959 48176
54238;48176 47967
55508;48176 48012
54843;48176 48013
54286;48176 48160 48164 47965
55936;47965 48164 48176 48160 47966
54436;48176 48140 47968
54605;48176 48111 47968
56267;47959 48111 47968 48176
55447;47964 48176 47967
54545;48176 48119 47974
55155;47959 47983 48176 47957
54309;47959 48176 47986
55464;48176 48201 48117
56202;48120 48183 48201 48117
55558;48176 48165 48118 48157
55605;48176 47959 47976 48201 48003 48126
56130;48176 47965 47957
56356;48176 47965 47964
55318;48176 47959
55005;48176
55838;48118 48157 48176 48165 48189 48132
55535;48176 47998 48125
55205;47965 48167 48176 47976 47967
55270;48125 47968 48183 48176 48201 48116
55404;48176 48120 47966 48183
56214;48176 48119 47966
55947;47968 48183 48176 48201 47964
56092;48176 47959 47986
55174;48176 48160 48164 47965
56165;48176 48160 48138
55915;48176 47965 48189
55328;48134 48159 48176
54499;48176 48118
56373;48134 48176 48118
55271;48177 47968
55338;48177 48140 48013
54441;48177 47983
54438;48177 48173 47983
54561;48177 47959 48155 47983 48173
55891;48177 48143 47983 48173
56255;48140 48014
55442;47981 48119 48014
54800;48171 48170 47975 48014
56399;47959 48183 48014 48189
56209;48014
55428;47977 47974 48014 48157
55102;48161 48014
55489;47959 48120 48121 48014
56150;48014 48130
55673;48112 48014
54501;48122 48014
55583;47959 47975 48014
55028;48135 48183 48154 47959 48014
56343;47959 48120 48014
55846;47959 48160 48014 47964 47996 48109
56176;48141 48014
54613;48161 47965 48014
54282;48135 48014 48114
55426;48129 48132 48014
55813;47959 48014
55651;48148 48014 48150
55212;48014 48010
55313;47965 48008 48007 48014
55096;47965 48014
55524;47968 48183 47959 48201 48014 48116
55422;47959 48183 48014
55678;47965 48014 47957
55219;48201 48014 47974
54919;47967 48014 48189
55368;47959 48140 48014
54940;48160 48014 48124
55911;47965 47997 48161 47975 48014
54634;48135 48014 48136
56368;48156 48014
54864;48015 48130
55666;48015 47983
55899;48015 48144 48145
55420;48015 48140 47983
54929;48015 47968 47967
55291;48015 48120
55248;48015 48135 48120
55158;48178
55353;48178 47968 48183 48201 48116
55317;48178 48140
54552;48178 48123
54482;48178 48135
55445;48179
55975;48179 48014 48010
54791;48179
55104;47959
55390;48014
54654;47959
55894;47959
54759;47965 47957
56044;47965 47957 48130
56226;48140 47957 47965
54476;48181
55640;48181
56006;48181 48140
56200;48181 48010
55020;48181 47959 48155 48189 48010
55816;48181 48189 48010
54698;48181 48124
54989;48176 48181 48124
54563;48181
54773;48181 48014 48124
54862;48181 48017 47974 48014
55696;48134 48181 48017 47974
55875;48181 47966 48017 47974
55287;48181 47959 48155 48017 47974
55137;48177 48181 48017 47974
56068;48181 48017 47974 48153
54573;47964 48181
55066;47964 48181 48014
54885;47964 48140 48181
56238;47964 48181 47966
56194;48181 48018 48135 48189
54725;48176 48181 48135 48018
54819;48181 48135 48018
55123;48134 48181
55612;48134 48181 47968
55179;48134 48181
56250;48134 48181
54565;48181
54917;48181 48135
54949;48181 48140
54449;48181
56251;48181 47968 48183 48201 48116
55736;48182
56191;48124 48182
55336;48123 48019 48118 48182
54706;48134 48123 48019 48182
56107;48134 48153 48004 48182
54729;48141 48114 48182
56219;48141 48114 48182
55999;48140 48182
55619;48140 48014 48182
55580;48140 48189 48182
54532;48181 48182 48020
55413;48181 48182 48014 48020
54439;48176 48182 48201 48020
56234;47965 48020 48176 48201 48182
55015;48211 48014
54678;48013 48211
56272;47975 48211
55599;48013 48014 48211
56100;48013 48211 48147
54906;48015 48211
54868;48211 48010
54596;47959 48211
55843;47959 48176 48211
54509;48134 48211 47959
56144;47959 47994 48211
54518;47959 48211 48124
56157;47959 47966 48211
54749;48176 48201 48202 48211
54597;48135 48211
54406;48134 48135 48211
54332;48022 47993 48211 48183
54710;48022 48135 48211 47957
54520;48022 48135 48211 47957
55091;48120 48022 48135 48211 47957
54877;48022 48135 47980 48211 47957
55075;47957
55484;48140 48157 48211 48023
54902;47966 48157 48211 48023
56344;48157 48023 48014 47980 47966 48211
55185;48201 48157 48211 48023
55672;48157 48023 48147 48201 48211
56315;48130 48157 48023 48132 48211
54432;48134 48157 48023 48132 48211
56265;48201 48211
56286;47959 48201 48211
55591;48014
54838;48130
55630;48131
55923;47964 48181
55515;47966
54904;48176
56049;48176 48169
55945;48169 47974
55162;47959 48122
55690;48135 48136
54242;48120 48183
55099;48120 47968 48183 48201 48116
56377;48117 48120 47968 48183 48201 48116 47957
54521;48211 48183
54544;48140 48183
55511;48175 48183
56292;47959 48155 48183
54688;47959 48183
55289;48134 48183 47959
54656;47959 48183
56022;48134 48201 48183 47959
55017;47959 48162 48183
55377;47959 48183 48157
55965;47959 48024 48183 48147
55743;48134 48024 48183 47959
55495;48025 48134 47968 48183 47959 48201 48116
55233;48025 48201 48134 47959
54821;48025 48135 48134 47959
54456;48025 48134 47959
55970;48025 48157 48134 47959
55621;48025 48177 48134 47959
55023;47964 48181
54670;48134 48181 47964
54982;48134 48181 48124 47964
56166;47964 48181 48014
54808;47964 48181 48130
55180;47964 48181 48157
54542;48129 47987 47957
56288;48129 47975 47957 47965
55055;48129 48140 47957
55926;48129 47968 48118 47964 47957
55069;48129 48120 47957
55525;48129 48120 47957 48157
55330;48129 48120 47957
54365;48129 48161 47957
55541;48129 48161 48189 48015 47957
55175;48129 48020 47968 48027 48182
54333;48181
55183;48181 48135
54398;48181 47965
55992;48181 47965 48014
55167;48176
54890;47965 48001 48164 48160 47983
55201;47959 48144 48145
55699;48122 47980
55035;47964 48176 47968
55144;48176 47968 47964 48157
55293;48176 47965 47968 48181
55868;48134 47965 47968 48181
54714;48116 47968 48201 48183
54444;47964 47968 48118
55784;47959 48120 47968 48155
55351;48176 48122 47968
55475;48134 47975 47968 48169
55660;47968 48144 48145 47959 48157 47957
55766;47959 47968 47957 48157
56099;48014
56058;48134 48182
55306;47968 48201
55687;47965
55823;48116 47968 48201 48183
55402;48134 47965
54962;48184 48147
56400;48184
55111;48185
55231;48185 48124
54630;48185 47985 48189
55682;47966 48185 47985 48189
55596;48181 47968 48183 48201 48116 48185
56248;48181 47966 48185
55477;48181 48185 48135
55646;47959 47998 48185
55325;47998 47968 48201 48185 47957
55969;48014
54298;48186
54329;47967 48186
54777;48186 47978 48104
56183;47965 48189 48186
55643;48186
55262;48119 48186
54920;48229 48186 48010
55319;48181 48124 48186
56221;47964 48123 48186
55890;48186
54574;47959 48186
55272;47968 48183 47959 48201 48116 48186
55916;47959 48140 48186
55730;47966 48186
55928;47966 48186
55587;47964 48186
54239;48187
55302;48187 47979
55090;47965 47998 48187 48201 47999
54367;48187 47957 48114 47965
54715;48187 47976
55045;48187 48135
54489;48187 48135 48114
54750;48187 48144 48146 48145
55748;48156 48187 48201 47957
56019;48181 48187 48135 48018
54249;47964 48187 48181
54616;48181 48187 48017 47974
54736;47964 48187 47968 48176
55529;48187 48157 48023 47980 47966 48211
55488;48187 47980 48144 48145
56156;48187 48144 48145 48176 47980
54849;48187 48201 47957 47980
54942;48187 48135 48136
56289;48140 48187
56139;48187 47975 47967
55542;47959 48151 48188 48157
55998;48006 48188
54550;47959 48144 48188 48145
55706;48188 47959 47976 48201 48003 48126
55972;48188 48010
54420;47959 48188
54977;48129 48188
56126;48188
54726;48188 48131
55958;48176 48188 48131
54243;48211 48188
55957;48184 48188
55026;48176 48188
55159;48134 47998 48188
54495;48120 48188
56125;48120 48140 48188
56236;48181 48189 48188 48010
55812;47964 47967 48176 48188
55569;47965 48188 48182
55006;47965 48188
55577;48123 48188
55685;48124 48188
55132;48179 48188
55401;48179 48188
55359;47959 48155 48188 48179
55509;48161 47965 48188
55978;48188 48181 48153 48017 47974
56275;48012 48189 48188
56182;48124 48189 48188
55441;48120 48183 48188
56220;47959 48188
55854;48160 48188
55908;48135 48013 48188
55065;48188
55689;47964 47963 48188
55997;47959 48155 48188
56033;47965 47957 48138 48188
55300;47975 48189 48188
54631;48012 48188
54451;48124 48188 47980
55863;48140 48124 48188
54650;48117 48188 47968 48183 48201 48116 47957
56207;48134 48140 48183 48188
55160;48140 47966 48183 48188
54285;48140 48173 48188
54776;47981 48188
55327;48144 47981 48188 48145
55245;47981 48188 47980
54381;48159
55584;48160
55061;47966 48186
55121;48140 47968
54850;47979
55738;47959 48139
54384;48135 48114
55343;48015 47968
54658;47959 48183
55349;48140 47992
56213;48134 47971 47967 47964 48114
55358;48119 48140 47974
54870;48119 48190
56050;47959 48190
55939;47965 48190 47957
54659;48190 48144 48146 48145
54588;48160 48190
54911;47959 48190
54344;48140 48190
55873;48176 48190 47980
54733;48143 48190
54396;48190 48153
54435;48190 48005
55136;48142 48190
54553;48022 47993 48190 48211
54875;48190 48211
55003;48140 48190
54983;48181 48190
56066;47964 48181 48190
55142;48112 48190
55093;47959 48190 48183
54400;47959 48190 48155
56114;48135 48190 48136
55127;48190 48157
54582;48129 48120 48190 47957
54884;48190 48012 47959 47964 48109
55154;47989 48190 47979
54700;48190 48120 47968 48183 48201 48116
55255;48135 48190 48114
55364;48190 48122 48151 48157 47959
55050;47964 47968 48190 48118
56171;48190 48166 47980
54915;48190 48120 48022 48135 48211 47957
55543;48190 47968 48183 48201 48116
54965;47965 48190 48167 47976 47967
56172;47965 48190 48164 48176 48160
54987;48177 48190 47983 48173
56127;48025 48134 48190 47968 48183 47959 48201 48116
55215;48190
55670;48190 48010
55554;48190
55963;48125 47998 48190
54537;47959 48190
55033;47965 48190 47957
55575;47959 48160 48190 48000
54869;48176 48190 48117 48201
55982;47983 48190
54661;48112 48190 47957
55053;47965 47998 48190 48008 48007
54795;47959 48140 48190
56064;47959 48140 48190 48157
55878;48129 48140 48190 48027
54457;48190 48114
55595;48190 48114
55004;48013 48114 48190
54943;48190 48004 48153
55759;48190 47968 48183 48004 48153 48201 48116
54301;48190 47981
55239;48190 47981 48157
55485;48190 47968 48183 48201 48116 47981
54442;48161 48190
54423;48161 48190 48189
55463;48190 48161 47968 48183 48201 48116
55080;48190 48117 48161 47968 48183 48201 48116 47957
54246;47959 48122 48190
55118;47959 48122 48190 48189
55494;48190 48211 48201
54763;48160 48190 48166
54697;47965 48190 48172
54674;47975 48190
56321;47975 48190 47967 48157
55901;48012 48190
54341;47992 48190
56319;47992 48190 47957
55030;48140 47992 48190 47957
54755;47992 48190
55574;47992 48013 48114 48190
54531;48190 48135 48013 48029
56277;48135 48029 48014 48190
55430;48190 48029 47964 48157
55763;47964 48029 48190
56347;47975
54363;48030 48190
54723;48030 48190
55228;48015 47976 48031 48190
55626;47994 48118 47957
55719;48031 48118 47976 47994 48015 47957
54602;47959
55440;47959 47978 48104
54898;47959 47976 48173
55435;47959 47976 47966 48173
54258;48027
54340;48190 48201 48157
55964;48134 48190 48201 48157
55653;48006 48135
55886;48134 47992 48032 47980
56004;48134 47992 48189 47980 48032
56136;48134 47992 47980 48015 48032
55862;47959 47975
55315;47975 48014
56008;48169 48122 47959 48201 47957
55752;48033 47998 48166 48005
55903;47990 48033 47998 48166
54662;48123 48033 47998 48166
54676;48033 47998 48190 48166
54268;48143
54963;47965
56098;47965 47968 48183 48201 48116
56310;48134 48034
55731;48161 48034
55470;47963 48034
55278;48134 48161 48034
55815;48031 48135 48034 47976 48015
55794;47965 47998 48187 48034 48201 47999
54289;48022 48135 48034 48211 47957
55187;48022 48135 48014 48211 47957
55113;48034
55517;48014 48034
55531;48135 48034
54283;47964 48109 47959 48034
55597;48034 47959 48014 47964 48109
55675;48034 47959 48157 47964 48109
55085;47965 48167 48034 47976 47967
54952;47959 47975 48034
55383;48173 48034
56084;48134 48158 48034
54946;48120 48034
55296;48034
55227;47994 48034
54746;48134 48034
54792;47959 48155 48034
56056;48014 48034
55068;47965 47957 48034
54461;48034
54953;47966 48215 47957 48034
54708;48166 48215 47957 48034
55765;48175 48215 47957 48034
55695;48215 47957 48034
54990;48215 47957 48034
54908;48134 48215 47957 48034
55910;48010 48215 47957 48034
55571;48117 48215 47968 48183 48034 48201 48116 47957 48010
55840;48215 48034 47959 47980 47957
54751;48192
54851;48118 48192
56247;48192 48173
55457;47959 48192 48126 48201
54822;47959 47967 48192 47957
56408;48156 48192
54413;48135 48192
54892;47968 48192 48201
55429;48192
55712;48192 48114 48034
55552;48176 48192 48114 48034
56394;48162 48192 48153
55498;48140 48192
55667;48140 48192 48157
54856;48192
55900;48192
55182;48181 47966 48192
54829;48181 47966 48192
55984;48181 47966 48192 48014
54507;48193
55726;48014 48193
55196;48134 48193
55311;48193 48157
55592;48193
55418;48193 48034
55537;48193
56147;48193
54979;48194
54693;48014 48194
56225;48194
55871;48014 48194
54481;47965 48195
54842;47965 48190 48195
54336;47965 48192 48195
55627;48181 47965 48014 48195
54555;48140 47967
55676;48140 48189 47967
55549;47959 48140 48155 47967
55559;48140 47967 48157
55955;48140
54296;48215 47957 48034
55448;48192
54660;48014
55038;47959 48014
56270;48014
55834;47959 48155 48014
55191;47965
55502;48134
54671;48118 48188
54576;48116 47968 48201 48183
55523;47959 48155
54854;47965 48035
56260;47959 48155 48035
54274;48190 48035
54585;48158 48036
55277;48036 48188 48147
55115;47959 48119 48036 48114
54523;48176 47975 48036
55828;48176 48036 48188 48182
56003;48181 48036 48190
55866;48134 48181 48036
54568;48181 48141 48036
54566;47991 48036 48124
55702;47991 48036 48014
54328;48036
56371;48140 47967
54813;48037 47975
55777;48134 47975 48037
54245;47959 48037 47957
55371;48037 48013 47959
56035;48037 48013 48188 47959
55370;48037 48013 48188 48038
56337;48037 48188 48038
54841;48190 48039
54321;47959 48039
55016;47959 48173 48039
55879;48040 48114
56013;48040 48158
56123;48040 48158 48190
54781;48160 48040
54559;47992 48122 48041
54739;48134 48041 48122 47992 48189
54543;48041 47957 48193
55279;48156 48041
54762;47967
55480;47965
56037;47965
56053;48134 47965
56245;48140 47965
56015;47964 48196
54742;47964 48196 48188
54680;47964 48196 48188
54540;47964 48012 48196
54364;47966 47969
55973;48013 48037 47969 48197 47966
55070;48190 47969 48189 48197 47966
54741;48042 48189 47957 47965
55912;48042 47965 48147
55106;48042 48190 47965
55229;48176 48042 47965
56163;48042 48014 47965
54804;48042 47966 47980
56204;48013 48043
56027;48013 48043
55037;48013 48043
54290;48181 48013 48043
54623;48134 48013 48181 48043
56002;47964 48044
55867;47968 48183 47959 48201 47964 48116 48044
56274;47968 48135 48183 48201 47964 48116 48044
55555;47968 48183 48176 48201 47964 48116 48044
54912;47964 48201 48044
55979;47964 47965 48201 48044
54475;47964
55170;48190
56129;47967
54572;48120
55914;48177 48046
56216;48120 48046
54625;48170 48046
55795;48170 48012 48046
54644;47966 48046 48186
54649;47966 48188 48189 48046
56393;47959 47966 48155 48046
54820;48181
54464;48198
55373;48198
55086;48198 48189
54292;48190 47957
55073;47959
55100;48140
54905;48159
56345;47959 48159 47995
54812;48159 48033 47998 48166
54272;47959 48159
55152;47959 48159 47965
55424;48159 48211 48014
55492;48140
54959;48186 47980
55496;48158 48186 47980
56149;48145 48144 48047
54375;47991 48036 48047
56299;47969
55924;48211
54486;48169 48211
55309;48134 47998
54883;47994
56120;48134 47994
56090;48134
55264;48116 47968 48201 48183
54785;47976
55394;48119 48049
54705;47959 48049
56141;48140 48049
55534;47959 48049 48155 47957
55944;48117 47968 48183 47959 48049 48201 48116 47957
55425;48134 48122 48049
54647;48050
54901;48050
54295;48111
55173;48111 48114
55449;47959 48111 48155 48114
54505;48161 48135
54324;48199 48050
55586;48199 48123
54411;48199 48123 47980
56332;48199 48050 48014
54260;48199 48200 47965
55593;48199 48200 47965
55013;48199 48200 48189 47965
55994;48199 48200 47965
55727;48199 48200 47968 47965
55446;48199 47965 48200
54719;47965 48199 47959 48200 48155
55877;48199 48200 47965
56308;48134 48200 48199 47965
55996;47965 48199 47968 48183 48200 48201 48116
56197;47976 48051
55396;47976 48051
56116;47976 48051 48014
54643;48052
56357;47964 48052
54551;47957 48052
56307;48052
56080;48140
56001;48147
54703;48157
55513;48186 48157
55451;48157
54437;48140 48157
54355;47959 48201
55787;47959 48190 48201
55874;47959 48201 48014
55804;47959 48156 48201
54579;47959 48149 48156 48201
54960;48158 48149 47959 48201 48156
55771;47959 48156 48141 48201
55504;48175 47959 48201 48156 48010
56106;47959 48156 48201
54975;48134 47965 47959 48201 48156
54897;47966
55526;48134 47966
56119;47966
56083;47959 48192 48053
55896;48134 47959 48053
55858;47959 48053 48147
54467;47959 48053
55363;48181 48054
55054;47959 48122 48054
54578;48181 47966 48054 48192
55225;47965 48160 48054 47964 48110
55629;48134 47965 48054
55092;47966 48054
56376;47959 48160 48054 48000
54914;47965 48008 48054 48007
55720;48140 48054 48168 47965
55356;48054 48166
54767;48054 48190 48114
54797;48054 48201
55208;48054
54933;48006 48054
56169;48006 48054 48135
54687;48054 48201
54619;48161 48112 48054
56208;48161 48054 48135
55076;48129 48054 48027 48188
55628;48122 47959 48054 48201 47957
54840;48176 48054 48036 48182
55990;47966 48054 48135
55641;47975 48054 47965
55138;48183
54311;48119 48201 48202
55744;48119 48201 48014 48202
54528;48201 48202
54837;47963 48201 48202
56330;48022 48135 48201 48202 48211 47957
56230;48120 48201 48202 47962
55724;48201 48202 48034
56132;48134 48136 48135 48201 48202
56239;48035 48201 48014 48202
56335;48201 48202 48173
55607;48111 48201 48202
54835;48140 48055 48201 48014 48202
54488;48134 48140 48055 48201 48202
55533;47957
55579;47957
54483;48201 48183 47957
55242;48134 48201 48183 47957
54968;47965 48001 48164 48160 47983
56201;47959 47976 48173
55516;48112 48190 47957
55392;48125 47998 47980
55510;48187 47976
54679;48134 48112
55539;48160 47991
55734;48010
55323;47968 48010
55381;48140 48168 47965
54815;48199 48200 47965
54677;48201 48153
54787;48022 47993 48211 48183
55007;48201 48157 48211 48023
55951;48157
54909;47959 48183
55817;47959 48149 48201
54425;47959 48153
54604;47994 48201
55131;48180
55103;48170
55012;48119
55165;47992 48190
56350;48166
55733;48120 48183
55608;47959 48120 48121
54539;48181 48135 48018
55663;47965 48195
54903;48196
54575;47967
56222;47967
55769;47964
55108;48176 48183
55662;48112
55615;47959 47966
55269;47959 48140
55618;48118 48188
55391;48036 48188
54764;48006 48036
55654;47976 48118 48165 48157
55737;48181 48185
55378;48156 48161
55704;47964 48114 47967 47971
55718;47965
55386;48056 48186
54280;48187 48201 48056
55415;48056
54642;47983 48190 48056
54490;48203 48190 48140 48056 47983
56382;47983 48056 47967
55008;48056 48157
55740;48056 47967 48157
55962;47967 48189 48056 48157
55976;48056 48157
56094;48010 48014 48056 48157
56280;48134 47976 48056
55590;48176 47976 48056
56173;47976 48056 48130
54718;48190
55365;48123
55139;48134 48176 47968 48118
56179;48123
55224;48057 48135 48211
55184;48057 47966 48135 48211
56193;48156 48057 48229
54288;48156 48187 48057
54721;48057 48181 47966
54445;47959 48057 48183
55046;48058
56133;48158 48058
55811;48156 48041 48058 48188
54790;47994 48058
55063;48117 47968 48183 48201 48058 48116 47957
55432;48058 48147
55057;47967 48058 48186
55632;48134 47967 48058 48186
54303;48058
55268;47959 48156 48201 48058
54806;48161 48159 47990 48058
56196;48161 47990 48014 48058 48159
55514;48161 47990 47994 48058 48159
55443;48059
55192;48059
56374;48134 48059
55905;48059
55031;47975 48059
55638;48129 48059
54913;48129 47966 48059
56285;48129 48059 48189
55814;48129 48176 48059
55124;48057 48140 48060
55883;48057 48060
54867;48120 48060 47967
55937;48120 48144 48145 48060 47967
56228;48120 47968 48183 48060 48201 48116
54995;48061
56229;48181 48017 48135 47974
54766;48139 48183 47959 48201 48061
56318;48214 48205
54569;48134 48205
55933;48196 48205
56353;48205 48114
56388;48199 48123 48205
55606;47959 48143 48205
56140;48132 48205
56405;47959 48149 48201 48205
56302;48205 48035
55027;47964 47963 48205
54615;48170 48205
56026;48211 48205 48201
55633;48205
55001;48205 48114
55410;47959 48206
54368;47968 48183 48206 47959 48201 48116 47957
55036;47959 48159 48206
55161;47959 48206
55560;48181 48206 48153 47959 47964
54753;47959 48062 48206 48153
55000;48140 48206 48153 47959 48062 48114
55802;48120 48183
55837;47965 47966
55324;48162 47994 48163
55058;48134 47965
55616;48135 48189 48211
55431;47998 48185 47957
56205;48134 47998 48185 47957
55808;47998 48185 47957 48147
56023;47998 48185 48189 47957
55563;48123
55501;47959 47998 48135
54817;48147
55565;48176 48207
54503;48140 48207
54921;48057 48207
55548;48207 47968 48114 48182
54894;48057 48207
54880;48207
54639;48207 48054
54345;48207 47968
54607;48207
55882;48207 47966
55097;48134 48207
54556;48207 48124
54393;48208 48207 48183
54947;48208 48207 48181 48183
54793;48208 48207 48162 48183
56051;48208 48207 47974 48183
56055;48177 48183 48207 48208 47983
55281;48208 48207 47998 48183
56011;48208 48207 48183
54653;48208 48207 48183
55750;48031 48183 48207 47976 48208 48015
54924;48208 48207 48173 48183
55680;48171 48183 48207 47975 48170 48208
55107;48207 48064
55198;48140 48064 48194 48207
55966;48176 48207 48064
54502;47959
56045;48135
54802;47959 48155
55921;48120 48065
56018;48140 48065 48120
55361;48065
56143;48041 48065
54627;48041 47975 47966 48065
54645;48041 48157 47992 48065 48211 48010
55876;48041 48144 48157 48145 47992 48065 48211
54547;48181 48140 48017 48065 47974
56082;48065
55002;48041 48118
55790;48041 48117 48118 47968 48183 48201 48116 47957
55845;48041 48118 48147
55316;47964 48160
55193;47959 48210 48160 47964
56346;47964 48140 48210 48160
55892;47964 48210 48160
54956;48066 48135 48034 47959 48160 47964 48210
55384;48066 48034 47959 48160 47964 48210
54334;48210 48140 48160
56076;48210 48140 48160 48189
54374;48140 47968 48160 48201 48210
54617;47964 48160
55237;47964 48160 47963 48113
54893;47964 48160 48181 48057
54878;47959 48067
56354;48067
55333;48181 48067
55437;47964 48067 47967
56057;47964 48067 47967 48130
55217;48054 48135 48201
56254;47968 48135 48201
54609;48113 48135 48201 47963 48186
54720;47963 48135 48113 48201
56290;48135 48189 48201
56091;48054 48135 48201
56268;48211 48157
56167;48140 48211 48157
54803;48120 48211 48157
56339;47959 48155 48211 48157
55547;47966 48211 48157
56407;48211 48186 48157
55010;48069 48140
54530;48187 48140 48069
54931;47994 48201 48070
55922;48135 48201 48070
56320;48071 48183 48157 48201 48205 48070
55805;48071 48183 48157 47959 48155 48201 48070
56383;48071 48135 48183 48157 48201 48070
55220;48071 48183 48157 48201 48124 48070
54950;48125 48072
54652;48072
55522;48201 48072
54342;47966 48072
54646;47966 48072 48188
55600;47959 47966 48155 48072
54385;48176 47966 48072
54998;47965 47966 48072
54717;48134 47966 48072
54692;48037 47975 47966 48072
55251;47968 48183 48201 48072 48116
55988;47968 48183 48201 48072 48116
54981;48188 47968 48183 48201 48072 48116
56232;48190 47968 48183 48201 48072 48116
56032;48134 47968 48183 48201 48072 48116
54383;48072 48157
56061;48190 48072 48157
55697;48134 48120 48072
56041;48120 48072
55849;47959 48120 48072
55098;47959 48072
56386;47959 48072
55029;47959 48120 48072
55860;48176 47968 48072
54251;48072
54935;48212 47965 48072
55786;48212 47965 48205 48072
55188;48212 48072 48124
54392;48176 48212 48072
55831;48212 48143 48072
54686;48212 48160 48072
55393;48212 48054 48201 48072
55698;48201 48073
55822;48169 48073 48201
55668;48201 48073
55298;48073 48014 47957
55581;48073 48114
56278;48073 48114 48147
55826;48140
54612;47965 48075
56074;48140 48075 47965
55745;48188 48075
55648;48159 48075
54293;48075
55094;48076 48075
56348;48076 48190 48075
55168;48140 48076 48075
56110;48077 47959 48155 48189 48072
55568;48077 48190 47959 48189 48072
55211;48077 47959 48189 48072 48186
55280;48134 48078 48189 47959
55472;47959 48078 48189
54594;47959 48078 48189 48010
55238;47964 48079 48189
55362;48079 47957
56086;47959 48079 47957
55650;48079 47968 47957
56389;48079 47957 48147
54598;48079 48188
56258;48079 48120 48188
54265;48183
55344;47959 48213
55887;47959 48213
54519;48176 48213
56153;48176 48014 48213
55770;48144 48213 48145
55134;47993 48022 48213 48054 48211
55379;48013
55714;48117 47968 48183 48201 48116 47957
54380;48138
55335;48037
54936;48037 48124
55679;48037 48147
55889;47959 48155 48037
56069;48037 48013
54928;48190
54465;48124
54830;47966 48124
56316;48192
55751;48134 48192
55407;48140 48192
55739;48140
56142;48170
55723;47965 47998 48187 48201 47999
54832;48135
54716;47964 48160 47992
56079;47964 48140 47992 48160
55728;47964 48160 47992 48142
54402;47959 48215
56218;48215 47959 47976 48201 48003 48126
56264;47983 48190 48215
54252;47965 48215
55197;48160 48164 48215 47965
55299;47965 48215
54484;48015 48215
55172;48178 48215
55439;47959 48149 48201 48215
55573;48140 48215
54305;48215
55918;48134 48144 48215 48145
55865;48140 48168 48215 47965
55329;47959 48114 48215 48206
54978;47959 48183
55243;47959 48120 48183
54564;48216
55286;48216 48190
55930;48216 48014
54638;48176 48216
54886;47968 48216
55241;48216
55297;48216 48215 47957 48034
55652;48159 48190 48080
55705;47959 48159 48190 48080
54847;48159 48190 48080
54491;48134 48081 48080
54831;48176 48081 48080
55468;47959 48082 48190 48080
54446;47959 48082 48080
56327;47959 48082 48080
54610;47959 48187 48082 48080
56199;47965 47973 48110 47959 48082 47964 48080
55360;48217
55864;47966 48217
55708;48120 48217
55456;48134 48217
54999;48217
54774;48217
55793;47965 47973 48110 48217 48183 47964
55983;48189
55314;48083
54497;48183 48083
55266;48218 48054 48183 48083
55870;48187 48218 48183 48083
55932;48181 48218 48183 48083
54796;48218 48183 48083
55598;47964 48218 48183 48083
55507;48134 48218 48135 48183 48083
54997;47959 48140
54707;48117 48140 47968 48183 47959 48201 48116 47957
55292;48134 48117 48140 47968 48183 47959 48201 48116 47957
56189;47959 48140 48186
55948;48156 48140 47990 47959
55083;47959 48140
55505;48140 47959 48201 47980 48156 47957
55163;47959 48084 48190 48183
55274;48084 48190 48183 47959 48054
55232;48084 48190 48140 48183 47959
56340;47959 48084 48190 48183
54421;47967 48135 48138
54337;48138 48186
56206;47966 48138
56252;48138 48186
54672;48190 48138 48186
54514;48138 48188
55518;48187 48138
56021;48189 48138
54513;48085 47957
55820;47959 48085 48159
56370;47959 48085 48206
56175;48156 48085 48201 47957
55776;48181 48085 47965 48195
55833;48085 48159
55952;48085 48159 48124
56362;48085 48120 48188
55931;48085 48207
55189;47964 48085 48181
56323;48181 48085 48017 47974
54807;48085 48058
55385;48066 48034 47959 48160 47964 48085 48210
56240;47959 48086 48189
55460;48086
54948;48159 48086
55576;48086 48201
55149;48086 48065
56355;48140 48086 48065
56170;48181 48086 48017 48065 47974
55783;48162 48086 48065
55613;48086 48014
54805;48086 48190
55112;48086
54939;47959 48087 48206
55387;48134 48087 48206 47959
54360;48087 48201
55645;48087 48013 48201
55968;48134 47965 48088 48190
55993;48134 47965 48088 47968
56187;48134 47965 48088
55898;48134 48085 48088 47965
55625;48154 48089 48135 47959
54388;48015
54622;48134 47965 48089 48151 48157 47959
55249;48140 48089
55603;48140 48089 48182
56378;47965 48089 48160 47964 48110
55321;48160 48089
54320;48117 48089 47968 48183 48160 48201 48116 47957
55561;48117 48089 47968 48183 48201 48116 47957
56124;48089 48206 48153 47959 47966 48062
54712;48089 48211
55566;48176 48089 48211
54994;48089 48190 47980
55148;48089 48144 48183 48145
55881;47959 48089 48155 48183
54271;48219
54376;48114 48219
55506;48219
55851;48169 48219
56104;48219 48144 48145
55836;48090 48219
56211;48090 48120 48219
54899;48134 48090 48219
55181;48090 48192 48219
56036;48037 48090 48188
56361;48091 48135 47967
54494;48091 48140 48112
55074;48091 48140 48112 48189
55481;48091 48056 47964 48157
55806;48134 48156 48091
56158;48091 48014
54970;48189
54992;47965
54546;48120 48135
56111;47980
54403;48201 48220
55079;47959 48156 48201 48220
56031;48169 48220
54824;48176 48220
56088;48134 48220
54938;48042 48201 48183 48193
54560;48042 48193 48140 48183 48201
55991;48092 48014
54359;47975 48092
54641;47975 48092
55760;47959 47975 48092 48206
55572;47966 48092
55322;48221
56028;48221
55655;48140 48221
55686;47959 48140 48155 48221
56097;48140 48221 48124
55927;48162 48223 48201 48183
56184;48140 48201 48183 48223
54770;48223 47966 48201 48183
56087;48223 48201 48183 48130
55156;48135 48223 48201 48183
55032;48223 48201
55305;48223 48201 48186
55178;48223 48135 48201
54584;47968 48183 48094 48201 48116 47957
55120;47968 48183 48094 48201 48116 47957
55042;48094 47957
55895;48134 47968 48183 48094 48201 48116 47957
54696;48129 47998 48027
54284;47998
54738;48095
55683;48095 48188
56212;48095 48188
56007;48095
54945;48095 48192
56287;48095 48054
55256;48140 48095
54472;48095 48186
55263;48095
55230;48095 47967
55014;47965
56160;47959 47965 48155
55995;48134 47965
55677;47965 48117 47968 48183 48201 48116 47957
56217;47964 47983 47984
55072;48158
54536;48140 48222
55950;48222 48014
54348;48190 48222
54567;48042 48201 48183
54479;48042 48190 48183 48223 48201
54713;48042 48183 48223 48201 47967
55741;48175 48042 48183 48223 48201 47967
55674;48042 48183 47984 48223 48201 47967 47964 47983
56152;48134 48042 48183 48223 48201
55642;48134 48042 48183 48223 48170 48201
55147;47965 48042 48188 48183 48223 48201
55610;48042 48188 48183 48131 48223 48201
55985;48042 48183 48176 48223 48201
55077;48042 48183 48170 48223 48201
54799;48042 48181 48183 48034 48223 48201 48017 47974
54934;48012
55807;47959
54419;47959 48176
54618;47975
55141;47975 48169
54459;47975 48143 48120
54889;47992 48144 48145
55186;47959 48155 48070
56215;47968 48183 48201 48116 48070
54809;48140 48070
55946;48134 48070
54397;47959 48155 48189
55827;48190 48189
55109;48189
56000;48190 48215 48034 48189 47957
55688;48189 48215 47957 48034
55304;48189 48215 47957 48034
56146;48140
54452;48118
54957;47965 48124
54980;48190 47957
55382;48014 47957
54424;48013 47957
54474;47959
54881;47959 47968
55129;48197 48014
55450;48134 48197
55521;48134 48197 48189
56257;48135 48183 48154 47959 48197
55649;48197 48157
55491;48097 47957
56159;48123 48151 48157 47959 48097
55503;47959 48097 48039
56034;48097 48157
54338;47959 48160 48000 48097
54632;48199 48200 47965 48097
55960;48079 48097
55852;48097 48073
54655;48120 48097
54964;48207 48056 48097
54916;47965 48164 48207 48160 48056 48097
54327;48207 48097
55320;48207 48013 48097
55692;47964 48098 47968
56341;47964 48187 47968 48098
54761;48134 48098 48190
55721;48098 47966 48190
56387;48098 47992 48076
54635;48181 48017 47974
56005;48181 48017 47974 48147
56059;47959 48098 47957
55530;48099 48056
55307;48099 47959
55758;48099 48190 47959
55332;47959 48155 48099
55772;48099 48183 47959 48207 48208
56294;47959 48189 48099
56306;48112
55835;47977 47974 48157
56224;48056 48157
55060;48181 48017 47974
55671;48181 48017 47974
56293;48181 48017 47974 48014
54533;47959 48024 48183
55578;47998 48185 47957
55775;47989 48004 48153
55809;48211 48182
56054;48211 48182
55544;48123 48211 48182
56375;48169 48189
55206;48201 48183 47957
55490;47965 48181 48086 47959 48061
54657;48166 47967 47980
54257;47998 48118 48065 47957
55202;48134 47998 48118 47957
55011;48134 48201
55375;48140 48201
54651;47964 48124 48037
55570;47964 47994 48124 48037
55637;47959 48157
56298;47964 47959 48157
54318;47968 48012 47957
56338;47968 48012 48201 48072 47957
55303;47959 48189 47964
55412;48190 48161 47959 48189 47964
56279;47959 47966 48189 47964
54350;48034 48153
55438;47968 48034
55025;47959 48201
56186;47959 48201 48124
55235;47959 48155 48201
55796;48134 48189 47957
55040;48134
56148;48091 48049 48041
54629;48140 48181 47959 48049 47957
55778;48189 48225
55195;48097 48225
55859;48010 48225
55308;48100 48188 48034
54549;48100 47967 48188 48226
55624;48100 47967 48188 48226
55768;48175 48188 48100 47967 48226
55536;48134 48188 48100 48189 47967 48226
54857;48034
55122;48101
56065;47959 48101 48155
54669;48102
55634;48102 48190
56029;48103 47967
54306;48227 48103
56309;47966
54876;48227 48089
55166;48042 48103 48034
56062;47959 48103 48135
55635;48140 47967 48104
54783;47964 47967 48104
54516;47964 47983 47967 48104
55906;47964 48192 47967 48104
55210;47964 47967 48104
55520;48140 48124 48104
55609;47959 48142 47967 48104
55585;48041 47966 48065 48104
55467;48176 48041 48065 48104
55164;48122 47980 48104
55853;47968 48183 48147 48201 48116
55084;48177 48104
55693;47959 48155 48104
55935;48076 47974 48104
54731;48112 48102
54690;47959 48112
55260;48112
55753;47959 48102
56168;48112 48189
56016;47963 48112
55601;48112 48182
54524;48112
55540;47965 48105 48182
56329;48105 48124 48182
55925;48105 48014 48182
55971;48105 48182
55423;47992 48169 48034
56381;47959 47992 48169 48034
55357;48169 47992 48190 47967
55397;47992 48169 47967
55301;48176 47992 48169 47967
55145;47992 48054 48169 47967
55171;47976 48106
56396;47976 48135 47966 48106
56326;47976 47966 48106
54926;47976 48106
56276;48147
55884;48120
56249;48041
55885;48041 47975 48054
55354;48144 48014 48182
55943;47959 48155 48144 48182
55051;47959 48151 48134 48157
55767;48134 48151 48157 47959 48201 48156
55986;48176 48207 48107
56304;48207 48107 48135
55664;48107 48112 48201
55369;48228 47975 48201
55545;48228 47975 48201
54727;48228 47965 47975 48201
55462;48228 47975 48201 48186
54702;48006 47975
54701;48006 47975 48190
54387;48174
55436;47959 47975 48174
54887;48084 48190 48183 47959 48174
55780;47959 48122 48174
56227;48146 48144 48174 48145
55388;48086 48065 48174
55476;48174 48034
55034;48181 48169 48174
54966;48174
54682;47959 47975 48189 47980 48174
56113;48174
55857;47968 48174
56020;47966 48174 48046
55604;47962 48201
56235;47967 48230 48186
55842;47966 47967 48230
55273;48230
55226;47983 48230
56336;47959 48230
55209;48176 47967 48230
54780;48006 48120 48230
56063;48086 48230
54874;48161 48013
56017;48161 48140 48013
56263;48050 48102 48013 48189
55797;48176 48013 48201
55253;48013 47957
55347;48161 47966 48211
54587;48161 47966 48211
54636;48161 47966 48176 48211
56048;48201 48183 47957 48193
54879;48134 48193 48183 48201 47957
55781;48103
55773;48103 48114
55257;48158 48103
54591;48103 48014
56300;48103 48124
55416;47959 48103
55052;48103
55342;48134 48103
54709;48159 47976 48108
54450;48159 47976 48215 48108
55250;47959 48159 47976 48108
55200;48201 48211 47967
55631;48211 48201 48205 47967
55125;47993 48022 48201 47967 48211
54986;48140 48201 48211 47967
55785;48140 48201 48211 47967
55941;48135 48211 47967 48201
55345;48157 48170 48160 48050 47966